{"C": 0.12118430426564447, "tol": 0.0006805554306900387, "max_iter": 2590, "class_weight": null}